1,"{https://hrr47-sdc-burke-carousel-images.s3.us-west-1.amazonaws.com/img70.jpg, https://hrr47-sdc-burke-carousel-images.s3.us-west-1.amazonaws.com/img240.jpg, https://hrr47-sdc-burke-carousel-images.s3.us-west-1.amazonaws.com/img24.jpg, https://hrr47-sdc-burke-carousel-images.s3.us-west-1.amazonaws.com/img72.jpg, https://hrr47-sdc-burke-carousel-images.s3.us-west-1.amazonaws.com/img23.jpg, https://hrr47-sdc-burke-carousel-images.s3.us-west-1.amazonaws.com/img337.jpg, https://hrr47-sdc-burke-carousel-images.s3.us-west-1.amazonaws.com/img77.jpg, https://hrr47-sdc-burke-carousel-images.s3.us-west-1.amazonaws.com/img152.jpg, https://hrr47-sdc-burke-carousel-images.s3.us-west-1.amazonaws.com/img351.jpg, https://hrr47-sdc-burke-carousel-images.s3.us-west-1.amazonaws.com/img92.jpg, https://hrr47-sdc-burke-carousel-images.s3.us-west-1.amazonaws.com/img255.jpg, https://hrr47-sdc-burke-carousel-images.s3.us-west-1.amazonaws.com/img248.jpg, https://hrr47-sdc-burke-carousel-images.s3.us-west-1.amazonaws.com/img318.jpg, https://hrr47-sdc-burke-carousel-images.s3.us-west-1.amazonaws.com/img73.jpg, https://hrr47-sdc-burke-carousel-images.s3.us-west-1.amazonaws.com/img74.jpg, https://hrr47-sdc-burke-carousel-images.s3.us-west-1.amazonaws.com/img161.jpg}"
5,"{https://hrr47-sdc-burke-carousel-images.s3.us-west-1.amazonaws.com/img27.jpg, https://hrr47-sdc-burke-carousel-images.s3.us-west-1.amazonaws.com/img175.jpg, https://hrr47-sdc-burke-carousel-images.s3.us-west-1.amazonaws.com/img318.jpg, https://hrr47-sdc-burke-carousel-images.s3.us-west-1.amazonaws.com/img195.jpg, https://hrr47-sdc-burke-carousel-images.s3.us-west-1.amazonaws.com/img176.jpg, https://hrr47-sdc-burke-carousel-images.s3.us-west-1.amazonaws.com/img149.jpg, https://hrr47-sdc-burke-carousel-images.s3.us-west-1.amazonaws.com/img102.jpg, https://hrr47-sdc-burke-carousel-images.s3.us-west-1.amazonaws.com/img1.jpg, https://hrr47-sdc-burke-carousel-images.s3.us-west-1.amazonaws.com/img195.jpg, https://hrr47-sdc-burke-carousel-images.s3.us-west-1.amazonaws.com/img184.jpg, https://hrr47-sdc-burke-carousel-images.s3.us-west-1.amazonaws.com/img269.jpg, https://hrr47-sdc-burke-carousel-images.s3.us-west-1.amazonaws.com/img80.jpg, https://hrr47-sdc-burke-carousel-images.s3.us-west-1.amazonaws.com/img81.jpg, https://hrr47-sdc-burke-carousel-images.s3.us-west-1.amazonaws.com/img191.jpg, https://hrr47-sdc-burke-carousel-images.s3.us-west-1.amazonaws.com/img351.jpg, https://hrr47-sdc-burke-carousel-images.s3.us-west-1.amazonaws.com/img186.jpg, https://hrr47-sdc-burke-carousel-images.s3.us-west-1.amazonaws.com/img17.jpg, https://hrr47-sdc-burke-carousel-images.s3.us-west-1.amazonaws.com/img328.jpg, https://hrr47-sdc-burke-carousel-images.s3.us-west-1.amazonaws.com/img221.jpg, https://hrr47-sdc-burke-carousel-images.s3.us-west-1.amazonaws.com/img46.jpg}"
6,"{https://hrr47-sdc-burke-carousel-images.s3.us-west-1.amazonaws.com/img86.jpg, https://hrr47-sdc-burke-carousel-images.s3.us-west-1.amazonaws.com/img38.jpg, https://hrr47-sdc-burke-carousel-images.s3.us-west-1.amazonaws.com/img283.jpg, https://hrr47-sdc-burke-carousel-images.s3.us-west-1.amazonaws.com/img26.jpg, https://hrr47-sdc-burke-carousel-images.s3.us-west-1.amazonaws.com/img221.jpg, https://hrr47-sdc-burke-carousel-images.s3.us-west-1.amazonaws.com/img119.jpg, https://hrr47-sdc-burke-carousel-images.s3.us-west-1.amazonaws.com/img18.jpg, https://hrr47-sdc-burke-carousel-images.s3.us-west-1.amazonaws.com/img280.jpg, https://hrr47-sdc-burke-carousel-images.s3.us-west-1.amazonaws.com/img43.jpg, https://hrr47-sdc-burke-carousel-images.s3.us-west-1.amazonaws.com/img164.jpg, https://hrr47-sdc-burke-carousel-images.s3.us-west-1.amazonaws.com/img299.jpg, https://hrr47-sdc-burke-carousel-images.s3.us-west-1.amazonaws.com/img152.jpg, https://hrr47-sdc-burke-carousel-images.s3.us-west-1.amazonaws.com/img281.jpg, https://hrr47-sdc-burke-carousel-images.s3.us-west-1.amazonaws.com/img343.jpg, https://hrr47-sdc-burke-carousel-images.s3.us-west-1.amazonaws.com/img5.jpg, https://hrr47-sdc-burke-carousel-images.s3.us-west-1.amazonaws.com/img129.jpg, https://hrr47-sdc-burke-carousel-images.s3.us-west-1.amazonaws.com/img343.jpg, https://hrr47-sdc-burke-carousel-images.s3.us-west-1.amazonaws.com/img209.jpg, https://hrr47-sdc-burke-carousel-images.s3.us-west-1.amazonaws.com/img300.jpg, https://hrr47-sdc-burke-carousel-images.s3.us-west-1.amazonaws.com/img68.jpg, https://hrr47-sdc-burke-carousel-images.s3.us-west-1.amazonaws.com/img181.jpg, https://hrr47-sdc-burke-carousel-images.s3.us-west-1.amazonaws.com/img315.jpg, https://hrr47-sdc-burke-carousel-images.s3.us-west-1.amazonaws.com/img249.jpg}"
7,"{https://hrr47-sdc-burke-carousel-images.s3.us-west-1.amazonaws.com/img198.jpg, https://hrr47-sdc-burke-carousel-images.s3.us-west-1.amazonaws.com/img34.jpg, https://hrr47-sdc-burke-carousel-images.s3.us-west-1.amazonaws.com/img133.jpg, https://hrr47-sdc-burke-carousel-images.s3.us-west-1.amazonaws.com/img221.jpg, https://hrr47-sdc-burke-carousel-images.s3.us-west-1.amazonaws.com/img294.jpg, https://hrr47-sdc-burke-carousel-images.s3.us-west-1.amazonaws.com/img105.jpg, https://hrr47-sdc-burke-carousel-images.s3.us-west-1.amazonaws.com/img27.jpg, https://hrr47-sdc-burke-carousel-images.s3.us-west-1.amazonaws.com/img162.jpg, https://hrr47-sdc-burke-carousel-images.s3.us-west-1.amazonaws.com/img174.jpg}"
8,"{https://hrr47-sdc-burke-carousel-images.s3.us-west-1.amazonaws.com/img114.jpg, https://hrr47-sdc-burke-carousel-images.s3.us-west-1.amazonaws.com/img362.jpg, https://hrr47-sdc-burke-carousel-images.s3.us-west-1.amazonaws.com/img333.jpg, https://hrr47-sdc-burke-carousel-images.s3.us-west-1.amazonaws.com/img192.jpg, https://hrr47-sdc-burke-carousel-images.s3.us-west-1.amazonaws.com/img161.jpg, https://hrr47-sdc-burke-carousel-images.s3.us-west-1.amazonaws.com/img160.jpg, https://hrr47-sdc-burke-carousel-images.s3.us-west-1.amazonaws.com/img110.jpg, https://hrr47-sdc-burke-carousel-images.s3.us-west-1.amazonaws.com/img242.jpg, https://hrr47-sdc-burke-carousel-images.s3.us-west-1.amazonaws.com/img219.jpg, https://hrr47-sdc-burke-carousel-images.s3.us-west-1.amazonaws.com/img356.jpg, https://hrr47-sdc-burke-carousel-images.s3.us-west-1.amazonaws.com/img124.jpg, https://hrr47-sdc-burke-carousel-images.s3.us-west-1.amazonaws.com/img299.jpg, https://hrr47-sdc-burke-carousel-images.s3.us-west-1.amazonaws.com/img365.jpg, https://hrr47-sdc-burke-carousel-images.s3.us-west-1.amazonaws.com/img274.jpg, https://hrr47-sdc-burke-carousel-images.s3.us-west-1.amazonaws.com/img37.jpg, https://hrr47-sdc-burke-carousel-images.s3.us-west-1.amazonaws.com/img312.jpg, https://hrr47-sdc-burke-carousel-images.s3.us-west-1.amazonaws.com/img187.jpg, https://hrr47-sdc-burke-carousel-images.s3.us-west-1.amazonaws.com/img88.jpg, https://hrr47-sdc-burke-carousel-images.s3.us-west-1.amazonaws.com/img71.jpg, https://hrr47-sdc-burke-carousel-images.s3.us-west-1.amazonaws.com/img66.jpg, https://hrr47-sdc-burke-carousel-images.s3.us-west-1.amazonaws.com/img162.jpg}"
4,"{https://hrr47-sdc-burke-carousel-images.s3.us-west-1.amazonaws.com/img263.jpg, https://hrr47-sdc-burke-carousel-images.s3.us-west-1.amazonaws.com/img208.jpg, https://hrr47-sdc-burke-carousel-images.s3.us-west-1.amazonaws.com/img309.jpg, https://hrr47-sdc-burke-carousel-images.s3.us-west-1.amazonaws.com/img58.jpg, https://hrr47-sdc-burke-carousel-images.s3.us-west-1.amazonaws.com/img352.jpg, https://hrr47-sdc-burke-carousel-images.s3.us-west-1.amazonaws.com/img311.jpg, https://hrr47-sdc-burke-carousel-images.s3.us-west-1.amazonaws.com/img275.jpg, https://hrr47-sdc-burke-carousel-images.s3.us-west-1.amazonaws.com/img289.jpg, https://hrr47-sdc-burke-carousel-images.s3.us-west-1.amazonaws.com/img268.jpg, https://hrr47-sdc-burke-carousel-images.s3.us-west-1.amazonaws.com/img150.jpg, https://hrr47-sdc-burke-carousel-images.s3.us-west-1.amazonaws.com/img243.jpg, https://hrr47-sdc-burke-carousel-images.s3.us-west-1.amazonaws.com/img292.jpg, https://hrr47-sdc-burke-carousel-images.s3.us-west-1.amazonaws.com/img312.jpg, https://hrr47-sdc-burke-carousel-images.s3.us-west-1.amazonaws.com/img305.jpg, https://hrr47-sdc-burke-carousel-images.s3.us-west-1.amazonaws.com/img304.jpg, https://hrr47-sdc-burke-carousel-images.s3.us-west-1.amazonaws.com/img234.jpg, https://hrr47-sdc-burke-carousel-images.s3.us-west-1.amazonaws.com/img318.jpg, https://hrr47-sdc-burke-carousel-images.s3.us-west-1.amazonaws.com/img349.jpg, https://hrr47-sdc-burke-carousel-images.s3.us-west-1.amazonaws.com/img114.jpg, https://hrr47-sdc-burke-carousel-images.s3.us-west-1.amazonaws.com/img276.jpg, https://hrr47-sdc-burke-carousel-images.s3.us-west-1.amazonaws.com/img29.jpg, https://hrr47-sdc-burke-carousel-images.s3.us-west-1.amazonaws.com/img275.jpg, https://hrr47-sdc-burke-carousel-images.s3.us-west-1.amazonaws.com/img177.jpg}"
10,"{https://hrr47-sdc-burke-carousel-images.s3.us-west-1.amazonaws.com/img348.jpg, https://hrr47-sdc-burke-carousel-images.s3.us-west-1.amazonaws.com/img201.jpg, https://hrr47-sdc-burke-carousel-images.s3.us-west-1.amazonaws.com/img132.jpg, https://hrr47-sdc-burke-carousel-images.s3.us-west-1.amazonaws.com/img99.jpg, https://hrr47-sdc-burke-carousel-images.s3.us-west-1.amazonaws.com/img79.jpg, https://hrr47-sdc-burke-carousel-images.s3.us-west-1.amazonaws.com/img202.jpg, https://hrr47-sdc-burke-carousel-images.s3.us-west-1.amazonaws.com/img311.jpg, https://hrr47-sdc-burke-carousel-images.s3.us-west-1.amazonaws.com/img102.jpg, https://hrr47-sdc-burke-carousel-images.s3.us-west-1.amazonaws.com/img314.jpg, https://hrr47-sdc-burke-carousel-images.s3.us-west-1.amazonaws.com/img206.jpg, https://hrr47-sdc-burke-carousel-images.s3.us-west-1.amazonaws.com/img140.jpg, https://hrr47-sdc-burke-carousel-images.s3.us-west-1.amazonaws.com/img199.jpg}"
9,"{https://hrr47-sdc-burke-carousel-images.s3.us-west-1.amazonaws.com/img128.jpg, https://hrr47-sdc-burke-carousel-images.s3.us-west-1.amazonaws.com/img342.jpg, https://hrr47-sdc-burke-carousel-images.s3.us-west-1.amazonaws.com/img104.jpg, https://hrr47-sdc-burke-carousel-images.s3.us-west-1.amazonaws.com/img226.jpg, https://hrr47-sdc-burke-carousel-images.s3.us-west-1.amazonaws.com/img366.jpg, https://hrr47-sdc-burke-carousel-images.s3.us-west-1.amazonaws.com/img166.jpg, https://hrr47-sdc-burke-carousel-images.s3.us-west-1.amazonaws.com/img119.jpg, https://hrr47-sdc-burke-carousel-images.s3.us-west-1.amazonaws.com/img283.jpg, https://hrr47-sdc-burke-carousel-images.s3.us-west-1.amazonaws.com/img231.jpg, https://hrr47-sdc-burke-carousel-images.s3.us-west-1.amazonaws.com/img219.jpg, https://hrr47-sdc-burke-carousel-images.s3.us-west-1.amazonaws.com/img326.jpg, https://hrr47-sdc-burke-carousel-images.s3.us-west-1.amazonaws.com/img343.jpg, https://hrr47-sdc-burke-carousel-images.s3.us-west-1.amazonaws.com/img36.jpg, https://hrr47-sdc-burke-carousel-images.s3.us-west-1.amazonaws.com/img257.jpg, https://hrr47-sdc-burke-carousel-images.s3.us-west-1.amazonaws.com/img26.jpg, https://hrr47-sdc-burke-carousel-images.s3.us-west-1.amazonaws.com/img361.jpg, https://hrr47-sdc-burke-carousel-images.s3.us-west-1.amazonaws.com/img206.jpg, https://hrr47-sdc-burke-carousel-images.s3.us-west-1.amazonaws.com/img1.jpg, https://hrr47-sdc-burke-carousel-images.s3.us-west-1.amazonaws.com/img2.jpg}"
12,"{https://hrr47-sdc-burke-carousel-images.s3.us-west-1.amazonaws.com/img148.jpg, https://hrr47-sdc-burke-carousel-images.s3.us-west-1.amazonaws.com/img243.jpg, https://hrr47-sdc-burke-carousel-images.s3.us-west-1.amazonaws.com/img26.jpg, https://hrr47-sdc-burke-carousel-images.s3.us-west-1.amazonaws.com/img178.jpg, https://hrr47-sdc-burke-carousel-images.s3.us-west-1.amazonaws.com/img105.jpg, https://hrr47-sdc-burke-carousel-images.s3.us-west-1.amazonaws.com/img185.jpg, https://hrr47-sdc-burke-carousel-images.s3.us-west-1.amazonaws.com/img207.jpg, https://hrr47-sdc-burke-carousel-images.s3.us-west-1.amazonaws.com/img336.jpg, https://hrr47-sdc-burke-carousel-images.s3.us-west-1.amazonaws.com/img275.jpg, https://hrr47-sdc-burke-carousel-images.s3.us-west-1.amazonaws.com/img331.jpg, https://hrr47-sdc-burke-carousel-images.s3.us-west-1.amazonaws.com/img296.jpg, https://hrr47-sdc-burke-carousel-images.s3.us-west-1.amazonaws.com/img281.jpg, https://hrr47-sdc-burke-carousel-images.s3.us-west-1.amazonaws.com/img278.jpg, https://hrr47-sdc-burke-carousel-images.s3.us-west-1.amazonaws.com/img112.jpg, https://hrr47-sdc-burke-carousel-images.s3.us-west-1.amazonaws.com/img264.jpg, https://hrr47-sdc-burke-carousel-images.s3.us-west-1.amazonaws.com/img15.jpg, https://hrr47-sdc-burke-carousel-images.s3.us-west-1.amazonaws.com/img175.jpg, https://hrr47-sdc-burke-carousel-images.s3.us-west-1.amazonaws.com/img122.jpg, https://hrr47-sdc-burke-carousel-images.s3.us-west-1.amazonaws.com/img68.jpg, https://hrr47-sdc-burke-carousel-images.s3.us-west-1.amazonaws.com/img35.jpg}"
13,"{https://hrr47-sdc-burke-carousel-images.s3.us-west-1.amazonaws.com/img356.jpg, https://hrr47-sdc-burke-carousel-images.s3.us-west-1.amazonaws.com/img307.jpg, https://hrr47-sdc-burke-carousel-images.s3.us-west-1.amazonaws.com/img366.jpg, https://hrr47-sdc-burke-carousel-images.s3.us-west-1.amazonaws.com/img269.jpg, https://hrr47-sdc-burke-carousel-images.s3.us-west-1.amazonaws.com/img79.jpg, https://hrr47-sdc-burke-carousel-images.s3.us-west-1.amazonaws.com/img256.jpg, https://hrr47-sdc-burke-carousel-images.s3.us-west-1.amazonaws.com/img214.jpg, https://hrr47-sdc-burke-carousel-images.s3.us-west-1.amazonaws.com/img144.jpg, https://hrr47-sdc-burke-carousel-images.s3.us-west-1.amazonaws.com/img229.jpg, https://hrr47-sdc-burke-carousel-images.s3.us-west-1.amazonaws.com/img154.jpg, https://hrr47-sdc-burke-carousel-images.s3.us-west-1.amazonaws.com/img314.jpg, https://hrr47-sdc-burke-carousel-images.s3.us-west-1.amazonaws.com/img198.jpg, https://hrr47-sdc-burke-carousel-images.s3.us-west-1.amazonaws.com/img137.jpg, https://hrr47-sdc-burke-carousel-images.s3.us-west-1.amazonaws.com/img28.jpg, https://hrr47-sdc-burke-carousel-images.s3.us-west-1.amazonaws.com/img136.jpg, https://hrr47-sdc-burke-carousel-images.s3.us-west-1.amazonaws.com/img196.jpg, https://hrr47-sdc-burke-carousel-images.s3.us-west-1.amazonaws.com/img333.jpg, https://hrr47-sdc-burke-carousel-images.s3.us-west-1.amazonaws.com/img206.jpg}"
14,"{https://hrr47-sdc-burke-carousel-images.s3.us-west-1.amazonaws.com/img58.jpg, https://hrr47-sdc-burke-carousel-images.s3.us-west-1.amazonaws.com/img318.jpg, https://hrr47-sdc-burke-carousel-images.s3.us-west-1.amazonaws.com/img301.jpg, https://hrr47-sdc-burke-carousel-images.s3.us-west-1.amazonaws.com/img94.jpg, https://hrr47-sdc-burke-carousel-images.s3.us-west-1.amazonaws.com/img304.jpg, https://hrr47-sdc-burke-carousel-images.s3.us-west-1.amazonaws.com/img308.jpg, https://hrr47-sdc-burke-carousel-images.s3.us-west-1.amazonaws.com/img332.jpg, https://hrr47-sdc-burke-carousel-images.s3.us-west-1.amazonaws.com/img42.jpg, https://hrr47-sdc-burke-carousel-images.s3.us-west-1.amazonaws.com/img14.jpg, https://hrr47-sdc-burke-carousel-images.s3.us-west-1.amazonaws.com/img57.jpg, https://hrr47-sdc-burke-carousel-images.s3.us-west-1.amazonaws.com/img43.jpg, https://hrr47-sdc-burke-carousel-images.s3.us-west-1.amazonaws.com/img355.jpg, https://hrr47-sdc-burke-carousel-images.s3.us-west-1.amazonaws.com/img210.jpg, https://hrr47-sdc-burke-carousel-images.s3.us-west-1.amazonaws.com/img17.jpg, https://hrr47-sdc-burke-carousel-images.s3.us-west-1.amazonaws.com/img94.jpg, https://hrr47-sdc-burke-carousel-images.s3.us-west-1.amazonaws.com/img314.jpg, https://hrr47-sdc-burke-carousel-images.s3.us-west-1.amazonaws.com/img47.jpg, https://hrr47-sdc-burke-carousel-images.s3.us-west-1.amazonaws.com/img204.jpg, https://hrr47-sdc-burke-carousel-images.s3.us-west-1.amazonaws.com/img179.jpg, https://hrr47-sdc-burke-carousel-images.s3.us-west-1.amazonaws.com/img300.jpg, https://hrr47-sdc-burke-carousel-images.s3.us-west-1.amazonaws.com/img366.jpg, https://hrr47-sdc-burke-carousel-images.s3.us-west-1.amazonaws.com/img207.jpg}"
16,"{https://hrr47-sdc-burke-carousel-images.s3.us-west-1.amazonaws.com/img176.jpg, https://hrr47-sdc-burke-carousel-images.s3.us-west-1.amazonaws.com/img110.jpg, https://hrr47-sdc-burke-carousel-images.s3.us-west-1.amazonaws.com/img136.jpg, https://hrr47-sdc-burke-carousel-images.s3.us-west-1.amazonaws.com/img113.jpg, https://hrr47-sdc-burke-carousel-images.s3.us-west-1.amazonaws.com/img286.jpg, https://hrr47-sdc-burke-carousel-images.s3.us-west-1.amazonaws.com/img171.jpg, https://hrr47-sdc-burke-carousel-images.s3.us-west-1.amazonaws.com/img108.jpg, https://hrr47-sdc-burke-carousel-images.s3.us-west-1.amazonaws.com/img204.jpg, https://hrr47-sdc-burke-carousel-images.s3.us-west-1.amazonaws.com/img284.jpg, https://hrr47-sdc-burke-carousel-images.s3.us-west-1.amazonaws.com/img128.jpg, https://hrr47-sdc-burke-carousel-images.s3.us-west-1.amazonaws.com/img95.jpg, https://hrr47-sdc-burke-carousel-images.s3.us-west-1.amazonaws.com/img189.jpg, https://hrr47-sdc-burke-carousel-images.s3.us-west-1.amazonaws.com/img144.jpg, https://hrr47-sdc-burke-carousel-images.s3.us-west-1.amazonaws.com/img91.jpg, https://hrr47-sdc-burke-carousel-images.s3.us-west-1.amazonaws.com/img81.jpg, https://hrr47-sdc-burke-carousel-images.s3.us-west-1.amazonaws.com/img181.jpg, https://hrr47-sdc-burke-carousel-images.s3.us-west-1.amazonaws.com/img325.jpg, https://hrr47-sdc-burke-carousel-images.s3.us-west-1.amazonaws.com/img218.jpg, https://hrr47-sdc-burke-carousel-images.s3.us-west-1.amazonaws.com/img241.jpg, https://hrr47-sdc-burke-carousel-images.s3.us-west-1.amazonaws.com/img80.jpg, https://hrr47-sdc-burke-carousel-images.s3.us-west-1.amazonaws.com/img314.jpg}"
15,"{https://hrr47-sdc-burke-carousel-images.s3.us-west-1.amazonaws.com/img209.jpg, https://hrr47-sdc-burke-carousel-images.s3.us-west-1.amazonaws.com/img92.jpg, https://hrr47-sdc-burke-carousel-images.s3.us-west-1.amazonaws.com/img81.jpg, https://hrr47-sdc-burke-carousel-images.s3.us-west-1.amazonaws.com/img75.jpg, https://hrr47-sdc-burke-carousel-images.s3.us-west-1.amazonaws.com/img228.jpg, https://hrr47-sdc-burke-carousel-images.s3.us-west-1.amazonaws.com/img101.jpg, https://hrr47-sdc-burke-carousel-images.s3.us-west-1.amazonaws.com/img119.jpg, https://hrr47-sdc-burke-carousel-images.s3.us-west-1.amazonaws.com/img85.jpg, https://hrr47-sdc-burke-carousel-images.s3.us-west-1.amazonaws.com/img233.jpg, https://hrr47-sdc-burke-carousel-images.s3.us-west-1.amazonaws.com/img99.jpg, https://hrr47-sdc-burke-carousel-images.s3.us-west-1.amazonaws.com/img172.jpg, https://hrr47-sdc-burke-carousel-images.s3.us-west-1.amazonaws.com/img324.jpg, https://hrr47-sdc-burke-carousel-images.s3.us-west-1.amazonaws.com/img70.jpg}"
17,"{https://hrr47-sdc-burke-carousel-images.s3.us-west-1.amazonaws.com/img274.jpg, https://hrr47-sdc-burke-carousel-images.s3.us-west-1.amazonaws.com/img4.jpg, https://hrr47-sdc-burke-carousel-images.s3.us-west-1.amazonaws.com/img210.jpg, https://hrr47-sdc-burke-carousel-images.s3.us-west-1.amazonaws.com/img170.jpg, https://hrr47-sdc-burke-carousel-images.s3.us-west-1.amazonaws.com/img145.jpg, https://hrr47-sdc-burke-carousel-images.s3.us-west-1.amazonaws.com/img140.jpg, https://hrr47-sdc-burke-carousel-images.s3.us-west-1.amazonaws.com/img144.jpg, https://hrr47-sdc-burke-carousel-images.s3.us-west-1.amazonaws.com/img113.jpg, https://hrr47-sdc-burke-carousel-images.s3.us-west-1.amazonaws.com/img252.jpg}"
18,"{https://hrr47-sdc-burke-carousel-images.s3.us-west-1.amazonaws.com/img94.jpg, https://hrr47-sdc-burke-carousel-images.s3.us-west-1.amazonaws.com/img250.jpg, https://hrr47-sdc-burke-carousel-images.s3.us-west-1.amazonaws.com/img2.jpg, https://hrr47-sdc-burke-carousel-images.s3.us-west-1.amazonaws.com/img282.jpg, https://hrr47-sdc-burke-carousel-images.s3.us-west-1.amazonaws.com/img251.jpg, https://hrr47-sdc-burke-carousel-images.s3.us-west-1.amazonaws.com/img62.jpg, https://hrr47-sdc-burke-carousel-images.s3.us-west-1.amazonaws.com/img27.jpg, https://hrr47-sdc-burke-carousel-images.s3.us-west-1.amazonaws.com/img199.jpg, https://hrr47-sdc-burke-carousel-images.s3.us-west-1.amazonaws.com/img311.jpg, https://hrr47-sdc-burke-carousel-images.s3.us-west-1.amazonaws.com/img95.jpg, https://hrr47-sdc-burke-carousel-images.s3.us-west-1.amazonaws.com/img326.jpg, https://hrr47-sdc-burke-carousel-images.s3.us-west-1.amazonaws.com/img302.jpg, https://hrr47-sdc-burke-carousel-images.s3.us-west-1.amazonaws.com/img228.jpg, https://hrr47-sdc-burke-carousel-images.s3.us-west-1.amazonaws.com/img32.jpg, https://hrr47-sdc-burke-carousel-images.s3.us-west-1.amazonaws.com/img347.jpg, https://hrr47-sdc-burke-carousel-images.s3.us-west-1.amazonaws.com/img212.jpg, https://hrr47-sdc-burke-carousel-images.s3.us-west-1.amazonaws.com/img68.jpg, https://hrr47-sdc-burke-carousel-images.s3.us-west-1.amazonaws.com/img192.jpg, https://hrr47-sdc-burke-carousel-images.s3.us-west-1.amazonaws.com/img114.jpg, https://hrr47-sdc-burke-carousel-images.s3.us-west-1.amazonaws.com/img33.jpg, https://hrr47-sdc-burke-carousel-images.s3.us-west-1.amazonaws.com/img79.jpg, https://hrr47-sdc-burke-carousel-images.s3.us-west-1.amazonaws.com/img240.jpg, https://hrr47-sdc-burke-carousel-images.s3.us-west-1.amazonaws.com/img207.jpg, https://hrr47-sdc-burke-carousel-images.s3.us-west-1.amazonaws.com/img340.jpg, https://hrr47-sdc-burke-carousel-images.s3.us-west-1.amazonaws.com/img333.jpg, https://hrr47-sdc-burke-carousel-images.s3.us-west-1.amazonaws.com/img242.jpg}"
19,"{https://hrr47-sdc-burke-carousel-images.s3.us-west-1.amazonaws.com/img327.jpg, https://hrr47-sdc-burke-carousel-images.s3.us-west-1.amazonaws.com/img245.jpg, https://hrr47-sdc-burke-carousel-images.s3.us-west-1.amazonaws.com/img305.jpg, https://hrr47-sdc-burke-carousel-images.s3.us-west-1.amazonaws.com/img315.jpg, https://hrr47-sdc-burke-carousel-images.s3.us-west-1.amazonaws.com/img267.jpg, https://hrr47-sdc-burke-carousel-images.s3.us-west-1.amazonaws.com/img146.jpg, https://hrr47-sdc-burke-carousel-images.s3.us-west-1.amazonaws.com/img151.jpg, https://hrr47-sdc-burke-carousel-images.s3.us-west-1.amazonaws.com/img217.jpg, https://hrr47-sdc-burke-carousel-images.s3.us-west-1.amazonaws.com/img126.jpg, https://hrr47-sdc-burke-carousel-images.s3.us-west-1.amazonaws.com/img338.jpg, https://hrr47-sdc-burke-carousel-images.s3.us-west-1.amazonaws.com/img240.jpg, https://hrr47-sdc-burke-carousel-images.s3.us-west-1.amazonaws.com/img346.jpg, https://hrr47-sdc-burke-carousel-images.s3.us-west-1.amazonaws.com/img281.jpg, https://hrr47-sdc-burke-carousel-images.s3.us-west-1.amazonaws.com/img168.jpg, https://hrr47-sdc-burke-carousel-images.s3.us-west-1.amazonaws.com/img202.jpg, https://hrr47-sdc-burke-carousel-images.s3.us-west-1.amazonaws.com/img195.jpg, https://hrr47-sdc-burke-carousel-images.s3.us-west-1.amazonaws.com/img151.jpg, https://hrr47-sdc-burke-carousel-images.s3.us-west-1.amazonaws.com/img16.jpg, https://hrr47-sdc-burke-carousel-images.s3.us-west-1.amazonaws.com/img311.jpg, https://hrr47-sdc-burke-carousel-images.s3.us-west-1.amazonaws.com/img100.jpg, https://hrr47-sdc-burke-carousel-images.s3.us-west-1.amazonaws.com/img57.jpg, https://hrr47-sdc-burke-carousel-images.s3.us-west-1.amazonaws.com/img126.jpg, https://hrr47-sdc-burke-carousel-images.s3.us-west-1.amazonaws.com/img232.jpg, https://hrr47-sdc-burke-carousel-images.s3.us-west-1.amazonaws.com/img27.jpg, https://hrr47-sdc-burke-carousel-images.s3.us-west-1.amazonaws.com/img302.jpg, https://hrr47-sdc-burke-carousel-images.s3.us-west-1.amazonaws.com/img360.jpg}"
20,"{https://hrr47-sdc-burke-carousel-images.s3.us-west-1.amazonaws.com/img4.jpg, https://hrr47-sdc-burke-carousel-images.s3.us-west-1.amazonaws.com/img357.jpg, https://hrr47-sdc-burke-carousel-images.s3.us-west-1.amazonaws.com/img192.jpg, https://hrr47-sdc-burke-carousel-images.s3.us-west-1.amazonaws.com/img99.jpg, https://hrr47-sdc-burke-carousel-images.s3.us-west-1.amazonaws.com/img293.jpg, https://hrr47-sdc-burke-carousel-images.s3.us-west-1.amazonaws.com/img51.jpg, https://hrr47-sdc-burke-carousel-images.s3.us-west-1.amazonaws.com/img288.jpg, https://hrr47-sdc-burke-carousel-images.s3.us-west-1.amazonaws.com/img201.jpg, https://hrr47-sdc-burke-carousel-images.s3.us-west-1.amazonaws.com/img224.jpg, https://hrr47-sdc-burke-carousel-images.s3.us-west-1.amazonaws.com/img109.jpg, https://hrr47-sdc-burke-carousel-images.s3.us-west-1.amazonaws.com/img268.jpg, https://hrr47-sdc-burke-carousel-images.s3.us-west-1.amazonaws.com/img236.jpg, https://hrr47-sdc-burke-carousel-images.s3.us-west-1.amazonaws.com/img209.jpg, https://hrr47-sdc-burke-carousel-images.s3.us-west-1.amazonaws.com/img103.jpg, https://hrr47-sdc-burke-carousel-images.s3.us-west-1.amazonaws.com/img10.jpg, https://hrr47-sdc-burke-carousel-images.s3.us-west-1.amazonaws.com/img148.jpg, https://hrr47-sdc-burke-carousel-images.s3.us-west-1.amazonaws.com/img130.jpg, https://hrr47-sdc-burke-carousel-images.s3.us-west-1.amazonaws.com/img38.jpg, https://hrr47-sdc-burke-carousel-images.s3.us-west-1.amazonaws.com/img140.jpg, https://hrr47-sdc-burke-carousel-images.s3.us-west-1.amazonaws.com/img122.jpg}"
21,"{https://hrr47-sdc-burke-carousel-images.s3.us-west-1.amazonaws.com/img16.jpg, https://hrr47-sdc-burke-carousel-images.s3.us-west-1.amazonaws.com/img129.jpg, https://hrr47-sdc-burke-carousel-images.s3.us-west-1.amazonaws.com/img294.jpg, https://hrr47-sdc-burke-carousel-images.s3.us-west-1.amazonaws.com/img267.jpg, https://hrr47-sdc-burke-carousel-images.s3.us-west-1.amazonaws.com/img336.jpg, https://hrr47-sdc-burke-carousel-images.s3.us-west-1.amazonaws.com/img75.jpg, https://hrr47-sdc-burke-carousel-images.s3.us-west-1.amazonaws.com/img209.jpg, https://hrr47-sdc-burke-carousel-images.s3.us-west-1.amazonaws.com/img194.jpg}"
22,"{https://hrr47-sdc-burke-carousel-images.s3.us-west-1.amazonaws.com/img287.jpg, https://hrr47-sdc-burke-carousel-images.s3.us-west-1.amazonaws.com/img158.jpg, https://hrr47-sdc-burke-carousel-images.s3.us-west-1.amazonaws.com/img159.jpg, https://hrr47-sdc-burke-carousel-images.s3.us-west-1.amazonaws.com/img141.jpg, https://hrr47-sdc-burke-carousel-images.s3.us-west-1.amazonaws.com/img69.jpg, https://hrr47-sdc-burke-carousel-images.s3.us-west-1.amazonaws.com/img270.jpg, https://hrr47-sdc-burke-carousel-images.s3.us-west-1.amazonaws.com/img338.jpg, https://hrr47-sdc-burke-carousel-images.s3.us-west-1.amazonaws.com/img139.jpg, https://hrr47-sdc-burke-carousel-images.s3.us-west-1.amazonaws.com/img337.jpg, https://hrr47-sdc-burke-carousel-images.s3.us-west-1.amazonaws.com/img98.jpg, https://hrr47-sdc-burke-carousel-images.s3.us-west-1.amazonaws.com/img369.jpg, https://hrr47-sdc-burke-carousel-images.s3.us-west-1.amazonaws.com/img293.jpg, https://hrr47-sdc-burke-carousel-images.s3.us-west-1.amazonaws.com/img49.jpg, https://hrr47-sdc-burke-carousel-images.s3.us-west-1.amazonaws.com/img222.jpg, https://hrr47-sdc-burke-carousel-images.s3.us-west-1.amazonaws.com/img136.jpg, https://hrr47-sdc-burke-carousel-images.s3.us-west-1.amazonaws.com/img178.jpg, https://hrr47-sdc-burke-carousel-images.s3.us-west-1.amazonaws.com/img178.jpg, https://hrr47-sdc-burke-carousel-images.s3.us-west-1.amazonaws.com/img196.jpg, https://hrr47-sdc-burke-carousel-images.s3.us-west-1.amazonaws.com/img95.jpg, https://hrr47-sdc-burke-carousel-images.s3.us-west-1.amazonaws.com/img130.jpg, https://hrr47-sdc-burke-carousel-images.s3.us-west-1.amazonaws.com/img344.jpg, https://hrr47-sdc-burke-carousel-images.s3.us-west-1.amazonaws.com/img18.jpg, https://hrr47-sdc-burke-carousel-images.s3.us-west-1.amazonaws.com/img188.jpg, https://hrr47-sdc-burke-carousel-images.s3.us-west-1.amazonaws.com/img179.jpg, https://hrr47-sdc-burke-carousel-images.s3.us-west-1.amazonaws.com/img81.jpg, https://hrr47-sdc-burke-carousel-images.s3.us-west-1.amazonaws.com/img46.jpg, https://hrr47-sdc-burke-carousel-images.s3.us-west-1.amazonaws.com/img253.jpg}"
23,"{https://hrr47-sdc-burke-carousel-images.s3.us-west-1.amazonaws.com/img178.jpg, https://hrr47-sdc-burke-carousel-images.s3.us-west-1.amazonaws.com/img214.jpg, https://hrr47-sdc-burke-carousel-images.s3.us-west-1.amazonaws.com/img240.jpg, https://hrr47-sdc-burke-carousel-images.s3.us-west-1.amazonaws.com/img163.jpg, https://hrr47-sdc-burke-carousel-images.s3.us-west-1.amazonaws.com/img86.jpg, https://hrr47-sdc-burke-carousel-images.s3.us-west-1.amazonaws.com/img64.jpg, https://hrr47-sdc-burke-carousel-images.s3.us-west-1.amazonaws.com/img167.jpg, https://hrr47-sdc-burke-carousel-images.s3.us-west-1.amazonaws.com/img273.jpg}"
3,"{https://hrr47-sdc-burke-carousel-images.s3.us-west-1.amazonaws.com/img134.jpg, https://hrr47-sdc-burke-carousel-images.s3.us-west-1.amazonaws.com/img62.jpg, https://hrr47-sdc-burke-carousel-images.s3.us-west-1.amazonaws.com/img65.jpg, https://hrr47-sdc-burke-carousel-images.s3.us-west-1.amazonaws.com/img367.jpg, https://hrr47-sdc-burke-carousel-images.s3.us-west-1.amazonaws.com/img319.jpg, https://hrr47-sdc-burke-carousel-images.s3.us-west-1.amazonaws.com/img152.jpg, https://hrr47-sdc-burke-carousel-images.s3.us-west-1.amazonaws.com/img226.jpg, https://hrr47-sdc-burke-carousel-images.s3.us-west-1.amazonaws.com/img360.jpg, https://hrr47-sdc-burke-carousel-images.s3.us-west-1.amazonaws.com/img298.jpg, https://hrr47-sdc-burke-carousel-images.s3.us-west-1.amazonaws.com/img234.jpg, https://hrr47-sdc-burke-carousel-images.s3.us-west-1.amazonaws.com/img327.jpg, https://hrr47-sdc-burke-carousel-images.s3.us-west-1.amazonaws.com/img209.jpg, https://hrr47-sdc-burke-carousel-images.s3.us-west-1.amazonaws.com/img87.jpg, https://hrr47-sdc-burke-carousel-images.s3.us-west-1.amazonaws.com/img355.jpg, https://hrr47-sdc-burke-carousel-images.s3.us-west-1.amazonaws.com/img328.jpg, https://hrr47-sdc-burke-carousel-images.s3.us-west-1.amazonaws.com/img84.jpg, https://hrr47-sdc-burke-carousel-images.s3.us-west-1.amazonaws.com/img294.jpg, https://hrr47-sdc-burke-carousel-images.s3.us-west-1.amazonaws.com/img309.jpg, https://hrr47-sdc-burke-carousel-images.s3.us-west-1.amazonaws.com/img3.jpg, https://hrr47-sdc-burke-carousel-images.s3.us-west-1.amazonaws.com/img100.jpg, https://hrr47-sdc-burke-carousel-images.s3.us-west-1.amazonaws.com/img92.jpg, https://hrr47-sdc-burke-carousel-images.s3.us-west-1.amazonaws.com/img151.jpg, https://hrr47-sdc-burke-carousel-images.s3.us-west-1.amazonaws.com/img58.jpg, https://hrr47-sdc-burke-carousel-images.s3.us-west-1.amazonaws.com/img281.jpg, https://hrr47-sdc-burke-carousel-images.s3.us-west-1.amazonaws.com/img178.jpg, https://hrr47-sdc-burke-carousel-images.s3.us-west-1.amazonaws.com/img306.jpg, https://hrr47-sdc-burke-carousel-images.s3.us-west-1.amazonaws.com/img351.jpg}"
11,"{https://hrr47-sdc-burke-carousel-images.s3.us-west-1.amazonaws.com/img282.jpg, https://hrr47-sdc-burke-carousel-images.s3.us-west-1.amazonaws.com/img135.jpg, https://hrr47-sdc-burke-carousel-images.s3.us-west-1.amazonaws.com/img59.jpg, https://hrr47-sdc-burke-carousel-images.s3.us-west-1.amazonaws.com/img247.jpg, https://hrr47-sdc-burke-carousel-images.s3.us-west-1.amazonaws.com/img39.jpg, https://hrr47-sdc-burke-carousel-images.s3.us-west-1.amazonaws.com/img13.jpg, https://hrr47-sdc-burke-carousel-images.s3.us-west-1.amazonaws.com/img5.jpg, https://hrr47-sdc-burke-carousel-images.s3.us-west-1.amazonaws.com/img182.jpg, https://hrr47-sdc-burke-carousel-images.s3.us-west-1.amazonaws.com/img157.jpg, https://hrr47-sdc-burke-carousel-images.s3.us-west-1.amazonaws.com/img295.jpg, https://hrr47-sdc-burke-carousel-images.s3.us-west-1.amazonaws.com/img327.jpg, https://hrr47-sdc-burke-carousel-images.s3.us-west-1.amazonaws.com/img138.jpg, https://hrr47-sdc-burke-carousel-images.s3.us-west-1.amazonaws.com/img48.jpg, https://hrr47-sdc-burke-carousel-images.s3.us-west-1.amazonaws.com/img304.jpg, https://hrr47-sdc-burke-carousel-images.s3.us-west-1.amazonaws.com/img63.jpg, https://hrr47-sdc-burke-carousel-images.s3.us-west-1.amazonaws.com/img295.jpg, https://hrr47-sdc-burke-carousel-images.s3.us-west-1.amazonaws.com/img118.jpg}"
2,"{https://hrr47-sdc-burke-carousel-images.s3.us-west-1.amazonaws.com/img285.jpg, https://hrr47-sdc-burke-carousel-images.s3.us-west-1.amazonaws.com/img169.jpg, https://hrr47-sdc-burke-carousel-images.s3.us-west-1.amazonaws.com/img56.jpg, https://hrr47-sdc-burke-carousel-images.s3.us-west-1.amazonaws.com/img66.jpg, https://hrr47-sdc-burke-carousel-images.s3.us-west-1.amazonaws.com/img97.jpg, https://hrr47-sdc-burke-carousel-images.s3.us-west-1.amazonaws.com/img17.jpg, https://hrr47-sdc-burke-carousel-images.s3.us-west-1.amazonaws.com/img362.jpg, https://hrr47-sdc-burke-carousel-images.s3.us-west-1.amazonaws.com/img298.jpg, https://hrr47-sdc-burke-carousel-images.s3.us-west-1.amazonaws.com/img270.jpg, https://hrr47-sdc-burke-carousel-images.s3.us-west-1.amazonaws.com/img150.jpg, https://hrr47-sdc-burke-carousel-images.s3.us-west-1.amazonaws.com/img69.jpg, https://hrr47-sdc-burke-carousel-images.s3.us-west-1.amazonaws.com/img268.jpg, https://hrr47-sdc-burke-carousel-images.s3.us-west-1.amazonaws.com/img74.jpg}"
24,"{https://hrr47-sdc-burke-carousel-images.s3.us-west-1.amazonaws.com/img17.jpg, https://hrr47-sdc-burke-carousel-images.s3.us-west-1.amazonaws.com/img256.jpg, https://hrr47-sdc-burke-carousel-images.s3.us-west-1.amazonaws.com/img181.jpg, https://hrr47-sdc-burke-carousel-images.s3.us-west-1.amazonaws.com/img241.jpg, https://hrr47-sdc-burke-carousel-images.s3.us-west-1.amazonaws.com/img259.jpg, https://hrr47-sdc-burke-carousel-images.s3.us-west-1.amazonaws.com/img62.jpg, https://hrr47-sdc-burke-carousel-images.s3.us-west-1.amazonaws.com/img230.jpg, https://hrr47-sdc-burke-carousel-images.s3.us-west-1.amazonaws.com/img282.jpg, https://hrr47-sdc-burke-carousel-images.s3.us-west-1.amazonaws.com/img213.jpg, https://hrr47-sdc-burke-carousel-images.s3.us-west-1.amazonaws.com/img139.jpg, https://hrr47-sdc-burke-carousel-images.s3.us-west-1.amazonaws.com/img130.jpg, https://hrr47-sdc-burke-carousel-images.s3.us-west-1.amazonaws.com/img257.jpg, https://hrr47-sdc-burke-carousel-images.s3.us-west-1.amazonaws.com/img93.jpg, https://hrr47-sdc-burke-carousel-images.s3.us-west-1.amazonaws.com/img358.jpg, https://hrr47-sdc-burke-carousel-images.s3.us-west-1.amazonaws.com/img19.jpg, https://hrr47-sdc-burke-carousel-images.s3.us-west-1.amazonaws.com/img123.jpg, https://hrr47-sdc-burke-carousel-images.s3.us-west-1.amazonaws.com/img154.jpg, https://hrr47-sdc-burke-carousel-images.s3.us-west-1.amazonaws.com/img332.jpg}"
25,"{https://hrr47-sdc-burke-carousel-images.s3.us-west-1.amazonaws.com/img367.jpg, https://hrr47-sdc-burke-carousel-images.s3.us-west-1.amazonaws.com/img344.jpg, https://hrr47-sdc-burke-carousel-images.s3.us-west-1.amazonaws.com/img146.jpg, https://hrr47-sdc-burke-carousel-images.s3.us-west-1.amazonaws.com/img61.jpg, https://hrr47-sdc-burke-carousel-images.s3.us-west-1.amazonaws.com/img16.jpg, https://hrr47-sdc-burke-carousel-images.s3.us-west-1.amazonaws.com/img189.jpg, https://hrr47-sdc-burke-carousel-images.s3.us-west-1.amazonaws.com/img363.jpg, https://hrr47-sdc-burke-carousel-images.s3.us-west-1.amazonaws.com/img278.jpg, https://hrr47-sdc-burke-carousel-images.s3.us-west-1.amazonaws.com/img220.jpg}"
26,"{https://hrr47-sdc-burke-carousel-images.s3.us-west-1.amazonaws.com/img245.jpg, https://hrr47-sdc-burke-carousel-images.s3.us-west-1.amazonaws.com/img356.jpg, https://hrr47-sdc-burke-carousel-images.s3.us-west-1.amazonaws.com/img67.jpg, https://hrr47-sdc-burke-carousel-images.s3.us-west-1.amazonaws.com/img278.jpg, https://hrr47-sdc-burke-carousel-images.s3.us-west-1.amazonaws.com/img358.jpg, https://hrr47-sdc-burke-carousel-images.s3.us-west-1.amazonaws.com/img47.jpg, https://hrr47-sdc-burke-carousel-images.s3.us-west-1.amazonaws.com/img210.jpg, https://hrr47-sdc-burke-carousel-images.s3.us-west-1.amazonaws.com/img85.jpg, https://hrr47-sdc-burke-carousel-images.s3.us-west-1.amazonaws.com/img81.jpg, https://hrr47-sdc-burke-carousel-images.s3.us-west-1.amazonaws.com/img276.jpg, https://hrr47-sdc-burke-carousel-images.s3.us-west-1.amazonaws.com/img2.jpg, https://hrr47-sdc-burke-carousel-images.s3.us-west-1.amazonaws.com/img340.jpg, https://hrr47-sdc-burke-carousel-images.s3.us-west-1.amazonaws.com/img17.jpg, https://hrr47-sdc-burke-carousel-images.s3.us-west-1.amazonaws.com/img91.jpg, https://hrr47-sdc-burke-carousel-images.s3.us-west-1.amazonaws.com/img203.jpg, https://hrr47-sdc-burke-carousel-images.s3.us-west-1.amazonaws.com/img59.jpg, https://hrr47-sdc-burke-carousel-images.s3.us-west-1.amazonaws.com/img3.jpg, https://hrr47-sdc-burke-carousel-images.s3.us-west-1.amazonaws.com/img271.jpg, https://hrr47-sdc-burke-carousel-images.s3.us-west-1.amazonaws.com/img348.jpg, https://hrr47-sdc-burke-carousel-images.s3.us-west-1.amazonaws.com/img270.jpg, https://hrr47-sdc-burke-carousel-images.s3.us-west-1.amazonaws.com/img237.jpg, https://hrr47-sdc-burke-carousel-images.s3.us-west-1.amazonaws.com/img195.jpg, https://hrr47-sdc-burke-carousel-images.s3.us-west-1.amazonaws.com/img24.jpg, https://hrr47-sdc-burke-carousel-images.s3.us-west-1.amazonaws.com/img10.jpg, https://hrr47-sdc-burke-carousel-images.s3.us-west-1.amazonaws.com/img227.jpg, https://hrr47-sdc-burke-carousel-images.s3.us-west-1.amazonaws.com/img162.jpg}"
28,"{https://hrr47-sdc-burke-carousel-images.s3.us-west-1.amazonaws.com/img75.jpg, https://hrr47-sdc-burke-carousel-images.s3.us-west-1.amazonaws.com/img108.jpg, https://hrr47-sdc-burke-carousel-images.s3.us-west-1.amazonaws.com/img243.jpg, https://hrr47-sdc-burke-carousel-images.s3.us-west-1.amazonaws.com/img37.jpg, https://hrr47-sdc-burke-carousel-images.s3.us-west-1.amazonaws.com/img10.jpg, https://hrr47-sdc-burke-carousel-images.s3.us-west-1.amazonaws.com/img174.jpg, https://hrr47-sdc-burke-carousel-images.s3.us-west-1.amazonaws.com/img107.jpg, https://hrr47-sdc-burke-carousel-images.s3.us-west-1.amazonaws.com/img261.jpg, https://hrr47-sdc-burke-carousel-images.s3.us-west-1.amazonaws.com/img14.jpg, https://hrr47-sdc-burke-carousel-images.s3.us-west-1.amazonaws.com/img265.jpg, https://hrr47-sdc-burke-carousel-images.s3.us-west-1.amazonaws.com/img24.jpg, https://hrr47-sdc-burke-carousel-images.s3.us-west-1.amazonaws.com/img266.jpg, https://hrr47-sdc-burke-carousel-images.s3.us-west-1.amazonaws.com/img143.jpg, https://hrr47-sdc-burke-carousel-images.s3.us-west-1.amazonaws.com/img48.jpg, https://hrr47-sdc-burke-carousel-images.s3.us-west-1.amazonaws.com/img345.jpg, https://hrr47-sdc-burke-carousel-images.s3.us-west-1.amazonaws.com/img215.jpg, https://hrr47-sdc-burke-carousel-images.s3.us-west-1.amazonaws.com/img289.jpg}"
27,"{https://hrr47-sdc-burke-carousel-images.s3.us-west-1.amazonaws.com/img207.jpg, https://hrr47-sdc-burke-carousel-images.s3.us-west-1.amazonaws.com/img272.jpg, https://hrr47-sdc-burke-carousel-images.s3.us-west-1.amazonaws.com/img193.jpg, https://hrr47-sdc-burke-carousel-images.s3.us-west-1.amazonaws.com/img197.jpg, https://hrr47-sdc-burke-carousel-images.s3.us-west-1.amazonaws.com/img159.jpg, https://hrr47-sdc-burke-carousel-images.s3.us-west-1.amazonaws.com/img315.jpg, https://hrr47-sdc-burke-carousel-images.s3.us-west-1.amazonaws.com/img155.jpg, https://hrr47-sdc-burke-carousel-images.s3.us-west-1.amazonaws.com/img46.jpg, https://hrr47-sdc-burke-carousel-images.s3.us-west-1.amazonaws.com/img58.jpg, https://hrr47-sdc-burke-carousel-images.s3.us-west-1.amazonaws.com/img237.jpg, https://hrr47-sdc-burke-carousel-images.s3.us-west-1.amazonaws.com/img79.jpg, https://hrr47-sdc-burke-carousel-images.s3.us-west-1.amazonaws.com/img126.jpg, https://hrr47-sdc-burke-carousel-images.s3.us-west-1.amazonaws.com/img95.jpg, https://hrr47-sdc-burke-carousel-images.s3.us-west-1.amazonaws.com/img206.jpg, https://hrr47-sdc-burke-carousel-images.s3.us-west-1.amazonaws.com/img329.jpg}"
30,"{https://hrr47-sdc-burke-carousel-images.s3.us-west-1.amazonaws.com/img175.jpg, https://hrr47-sdc-burke-carousel-images.s3.us-west-1.amazonaws.com/img208.jpg, https://hrr47-sdc-burke-carousel-images.s3.us-west-1.amazonaws.com/img90.jpg, https://hrr47-sdc-burke-carousel-images.s3.us-west-1.amazonaws.com/img332.jpg, https://hrr47-sdc-burke-carousel-images.s3.us-west-1.amazonaws.com/img266.jpg, https://hrr47-sdc-burke-carousel-images.s3.us-west-1.amazonaws.com/img26.jpg, https://hrr47-sdc-burke-carousel-images.s3.us-west-1.amazonaws.com/img266.jpg, https://hrr47-sdc-burke-carousel-images.s3.us-west-1.amazonaws.com/img31.jpg, https://hrr47-sdc-burke-carousel-images.s3.us-west-1.amazonaws.com/img313.jpg, https://hrr47-sdc-burke-carousel-images.s3.us-west-1.amazonaws.com/img318.jpg, https://hrr47-sdc-burke-carousel-images.s3.us-west-1.amazonaws.com/img342.jpg, https://hrr47-sdc-burke-carousel-images.s3.us-west-1.amazonaws.com/img75.jpg, https://hrr47-sdc-burke-carousel-images.s3.us-west-1.amazonaws.com/img170.jpg, https://hrr47-sdc-burke-carousel-images.s3.us-west-1.amazonaws.com/img8.jpg, https://hrr47-sdc-burke-carousel-images.s3.us-west-1.amazonaws.com/img38.jpg, https://hrr47-sdc-burke-carousel-images.s3.us-west-1.amazonaws.com/img144.jpg, https://hrr47-sdc-burke-carousel-images.s3.us-west-1.amazonaws.com/img257.jpg, https://hrr47-sdc-burke-carousel-images.s3.us-west-1.amazonaws.com/img257.jpg, https://hrr47-sdc-burke-carousel-images.s3.us-west-1.amazonaws.com/img196.jpg, https://hrr47-sdc-burke-carousel-images.s3.us-west-1.amazonaws.com/img134.jpg, https://hrr47-sdc-burke-carousel-images.s3.us-west-1.amazonaws.com/img362.jpg, https://hrr47-sdc-burke-carousel-images.s3.us-west-1.amazonaws.com/img177.jpg, https://hrr47-sdc-burke-carousel-images.s3.us-west-1.amazonaws.com/img244.jpg}"
29,"{https://hrr47-sdc-burke-carousel-images.s3.us-west-1.amazonaws.com/img91.jpg, https://hrr47-sdc-burke-carousel-images.s3.us-west-1.amazonaws.com/img150.jpg, https://hrr47-sdc-burke-carousel-images.s3.us-west-1.amazonaws.com/img239.jpg, https://hrr47-sdc-burke-carousel-images.s3.us-west-1.amazonaws.com/img212.jpg}"
31,"{https://hrr47-sdc-burke-carousel-images.s3.us-west-1.amazonaws.com/img230.jpg, https://hrr47-sdc-burke-carousel-images.s3.us-west-1.amazonaws.com/img143.jpg, https://hrr47-sdc-burke-carousel-images.s3.us-west-1.amazonaws.com/img331.jpg, https://hrr47-sdc-burke-carousel-images.s3.us-west-1.amazonaws.com/img317.jpg, https://hrr47-sdc-burke-carousel-images.s3.us-west-1.amazonaws.com/img356.jpg, https://hrr47-sdc-burke-carousel-images.s3.us-west-1.amazonaws.com/img244.jpg, https://hrr47-sdc-burke-carousel-images.s3.us-west-1.amazonaws.com/img215.jpg, https://hrr47-sdc-burke-carousel-images.s3.us-west-1.amazonaws.com/img45.jpg, https://hrr47-sdc-burke-carousel-images.s3.us-west-1.amazonaws.com/img252.jpg, https://hrr47-sdc-burke-carousel-images.s3.us-west-1.amazonaws.com/img300.jpg, https://hrr47-sdc-burke-carousel-images.s3.us-west-1.amazonaws.com/img155.jpg, https://hrr47-sdc-burke-carousel-images.s3.us-west-1.amazonaws.com/img215.jpg}"
32,"{https://hrr47-sdc-burke-carousel-images.s3.us-west-1.amazonaws.com/img365.jpg, https://hrr47-sdc-burke-carousel-images.s3.us-west-1.amazonaws.com/img16.jpg, https://hrr47-sdc-burke-carousel-images.s3.us-west-1.amazonaws.com/img258.jpg, https://hrr47-sdc-burke-carousel-images.s3.us-west-1.amazonaws.com/img229.jpg, https://hrr47-sdc-burke-carousel-images.s3.us-west-1.amazonaws.com/img64.jpg, https://hrr47-sdc-burke-carousel-images.s3.us-west-1.amazonaws.com/img364.jpg, https://hrr47-sdc-burke-carousel-images.s3.us-west-1.amazonaws.com/img341.jpg, https://hrr47-sdc-burke-carousel-images.s3.us-west-1.amazonaws.com/img320.jpg, https://hrr47-sdc-burke-carousel-images.s3.us-west-1.amazonaws.com/img212.jpg, https://hrr47-sdc-burke-carousel-images.s3.us-west-1.amazonaws.com/img184.jpg, https://hrr47-sdc-burke-carousel-images.s3.us-west-1.amazonaws.com/img141.jpg, https://hrr47-sdc-burke-carousel-images.s3.us-west-1.amazonaws.com/img160.jpg, https://hrr47-sdc-burke-carousel-images.s3.us-west-1.amazonaws.com/img189.jpg, https://hrr47-sdc-burke-carousel-images.s3.us-west-1.amazonaws.com/img15.jpg, https://hrr47-sdc-burke-carousel-images.s3.us-west-1.amazonaws.com/img203.jpg, https://hrr47-sdc-burke-carousel-images.s3.us-west-1.amazonaws.com/img308.jpg, https://hrr47-sdc-burke-carousel-images.s3.us-west-1.amazonaws.com/img341.jpg, https://hrr47-sdc-burke-carousel-images.s3.us-west-1.amazonaws.com/img173.jpg, https://hrr47-sdc-burke-carousel-images.s3.us-west-1.amazonaws.com/img200.jpg}"
33,"{https://hrr47-sdc-burke-carousel-images.s3.us-west-1.amazonaws.com/img230.jpg, https://hrr47-sdc-burke-carousel-images.s3.us-west-1.amazonaws.com/img207.jpg, https://hrr47-sdc-burke-carousel-images.s3.us-west-1.amazonaws.com/img168.jpg, https://hrr47-sdc-burke-carousel-images.s3.us-west-1.amazonaws.com/img330.jpg, https://hrr47-sdc-burke-carousel-images.s3.us-west-1.amazonaws.com/img14.jpg, https://hrr47-sdc-burke-carousel-images.s3.us-west-1.amazonaws.com/img109.jpg, https://hrr47-sdc-burke-carousel-images.s3.us-west-1.amazonaws.com/img264.jpg, https://hrr47-sdc-burke-carousel-images.s3.us-west-1.amazonaws.com/img85.jpg}"
34,"{https://hrr47-sdc-burke-carousel-images.s3.us-west-1.amazonaws.com/img214.jpg, https://hrr47-sdc-burke-carousel-images.s3.us-west-1.amazonaws.com/img340.jpg, https://hrr47-sdc-burke-carousel-images.s3.us-west-1.amazonaws.com/img265.jpg, https://hrr47-sdc-burke-carousel-images.s3.us-west-1.amazonaws.com/img31.jpg}"
36,"{https://hrr47-sdc-burke-carousel-images.s3.us-west-1.amazonaws.com/img50.jpg, https://hrr47-sdc-burke-carousel-images.s3.us-west-1.amazonaws.com/img193.jpg, https://hrr47-sdc-burke-carousel-images.s3.us-west-1.amazonaws.com/img230.jpg, https://hrr47-sdc-burke-carousel-images.s3.us-west-1.amazonaws.com/img299.jpg}"
35,"{https://hrr47-sdc-burke-carousel-images.s3.us-west-1.amazonaws.com/img328.jpg, https://hrr47-sdc-burke-carousel-images.s3.us-west-1.amazonaws.com/img205.jpg, https://hrr47-sdc-burke-carousel-images.s3.us-west-1.amazonaws.com/img77.jpg, https://hrr47-sdc-burke-carousel-images.s3.us-west-1.amazonaws.com/img51.jpg, https://hrr47-sdc-burke-carousel-images.s3.us-west-1.amazonaws.com/img227.jpg, https://hrr47-sdc-burke-carousel-images.s3.us-west-1.amazonaws.com/img274.jpg, https://hrr47-sdc-burke-carousel-images.s3.us-west-1.amazonaws.com/img24.jpg, https://hrr47-sdc-burke-carousel-images.s3.us-west-1.amazonaws.com/img19.jpg, https://hrr47-sdc-burke-carousel-images.s3.us-west-1.amazonaws.com/img344.jpg, https://hrr47-sdc-burke-carousel-images.s3.us-west-1.amazonaws.com/img159.jpg, https://hrr47-sdc-burke-carousel-images.s3.us-west-1.amazonaws.com/img156.jpg, https://hrr47-sdc-burke-carousel-images.s3.us-west-1.amazonaws.com/img292.jpg, https://hrr47-sdc-burke-carousel-images.s3.us-west-1.amazonaws.com/img16.jpg}"
37,"{https://hrr47-sdc-burke-carousel-images.s3.us-west-1.amazonaws.com/img319.jpg, https://hrr47-sdc-burke-carousel-images.s3.us-west-1.amazonaws.com/img143.jpg, https://hrr47-sdc-burke-carousel-images.s3.us-west-1.amazonaws.com/img209.jpg, https://hrr47-sdc-burke-carousel-images.s3.us-west-1.amazonaws.com/img284.jpg, https://hrr47-sdc-burke-carousel-images.s3.us-west-1.amazonaws.com/img125.jpg, https://hrr47-sdc-burke-carousel-images.s3.us-west-1.amazonaws.com/img36.jpg, https://hrr47-sdc-burke-carousel-images.s3.us-west-1.amazonaws.com/img38.jpg, https://hrr47-sdc-burke-carousel-images.s3.us-west-1.amazonaws.com/img40.jpg, https://hrr47-sdc-burke-carousel-images.s3.us-west-1.amazonaws.com/img73.jpg, https://hrr47-sdc-burke-carousel-images.s3.us-west-1.amazonaws.com/img360.jpg, https://hrr47-sdc-burke-carousel-images.s3.us-west-1.amazonaws.com/img368.jpg, https://hrr47-sdc-burke-carousel-images.s3.us-west-1.amazonaws.com/img142.jpg, https://hrr47-sdc-burke-carousel-images.s3.us-west-1.amazonaws.com/img212.jpg, https://hrr47-sdc-burke-carousel-images.s3.us-west-1.amazonaws.com/img353.jpg, https://hrr47-sdc-burke-carousel-images.s3.us-west-1.amazonaws.com/img214.jpg, https://hrr47-sdc-burke-carousel-images.s3.us-west-1.amazonaws.com/img256.jpg, https://hrr47-sdc-burke-carousel-images.s3.us-west-1.amazonaws.com/img108.jpg}"
38,"{https://hrr47-sdc-burke-carousel-images.s3.us-west-1.amazonaws.com/img211.jpg, https://hrr47-sdc-burke-carousel-images.s3.us-west-1.amazonaws.com/img133.jpg, https://hrr47-sdc-burke-carousel-images.s3.us-west-1.amazonaws.com/img327.jpg, https://hrr47-sdc-burke-carousel-images.s3.us-west-1.amazonaws.com/img14.jpg, https://hrr47-sdc-burke-carousel-images.s3.us-west-1.amazonaws.com/img137.jpg, https://hrr47-sdc-burke-carousel-images.s3.us-west-1.amazonaws.com/img168.jpg, https://hrr47-sdc-burke-carousel-images.s3.us-west-1.amazonaws.com/img254.jpg, https://hrr47-sdc-burke-carousel-images.s3.us-west-1.amazonaws.com/img258.jpg, https://hrr47-sdc-burke-carousel-images.s3.us-west-1.amazonaws.com/img204.jpg, https://hrr47-sdc-burke-carousel-images.s3.us-west-1.amazonaws.com/img253.jpg, https://hrr47-sdc-burke-carousel-images.s3.us-west-1.amazonaws.com/img281.jpg, https://hrr47-sdc-burke-carousel-images.s3.us-west-1.amazonaws.com/img188.jpg}"
39,"{https://hrr47-sdc-burke-carousel-images.s3.us-west-1.amazonaws.com/img327.jpg, https://hrr47-sdc-burke-carousel-images.s3.us-west-1.amazonaws.com/img253.jpg, https://hrr47-sdc-burke-carousel-images.s3.us-west-1.amazonaws.com/img360.jpg, https://hrr47-sdc-burke-carousel-images.s3.us-west-1.amazonaws.com/img25.jpg, https://hrr47-sdc-burke-carousel-images.s3.us-west-1.amazonaws.com/img316.jpg, https://hrr47-sdc-burke-carousel-images.s3.us-west-1.amazonaws.com/img336.jpg, https://hrr47-sdc-burke-carousel-images.s3.us-west-1.amazonaws.com/img332.jpg, https://hrr47-sdc-burke-carousel-images.s3.us-west-1.amazonaws.com/img37.jpg, https://hrr47-sdc-burke-carousel-images.s3.us-west-1.amazonaws.com/img228.jpg, https://hrr47-sdc-burke-carousel-images.s3.us-west-1.amazonaws.com/img114.jpg, https://hrr47-sdc-burke-carousel-images.s3.us-west-1.amazonaws.com/img69.jpg, https://hrr47-sdc-burke-carousel-images.s3.us-west-1.amazonaws.com/img46.jpg, https://hrr47-sdc-burke-carousel-images.s3.us-west-1.amazonaws.com/img47.jpg}"
40,"{https://hrr47-sdc-burke-carousel-images.s3.us-west-1.amazonaws.com/img148.jpg, https://hrr47-sdc-burke-carousel-images.s3.us-west-1.amazonaws.com/img262.jpg, https://hrr47-sdc-burke-carousel-images.s3.us-west-1.amazonaws.com/img238.jpg, https://hrr47-sdc-burke-carousel-images.s3.us-west-1.amazonaws.com/img176.jpg, https://hrr47-sdc-burke-carousel-images.s3.us-west-1.amazonaws.com/img244.jpg, https://hrr47-sdc-burke-carousel-images.s3.us-west-1.amazonaws.com/img214.jpg, https://hrr47-sdc-burke-carousel-images.s3.us-west-1.amazonaws.com/img140.jpg, https://hrr47-sdc-burke-carousel-images.s3.us-west-1.amazonaws.com/img180.jpg, https://hrr47-sdc-burke-carousel-images.s3.us-west-1.amazonaws.com/img192.jpg, https://hrr47-sdc-burke-carousel-images.s3.us-west-1.amazonaws.com/img330.jpg, https://hrr47-sdc-burke-carousel-images.s3.us-west-1.amazonaws.com/img217.jpg, https://hrr47-sdc-burke-carousel-images.s3.us-west-1.amazonaws.com/img162.jpg, https://hrr47-sdc-burke-carousel-images.s3.us-west-1.amazonaws.com/img189.jpg, https://hrr47-sdc-burke-carousel-images.s3.us-west-1.amazonaws.com/img149.jpg, https://hrr47-sdc-burke-carousel-images.s3.us-west-1.amazonaws.com/img261.jpg, https://hrr47-sdc-burke-carousel-images.s3.us-west-1.amazonaws.com/img8.jpg, https://hrr47-sdc-burke-carousel-images.s3.us-west-1.amazonaws.com/img323.jpg, https://hrr47-sdc-burke-carousel-images.s3.us-west-1.amazonaws.com/img306.jpg, https://hrr47-sdc-burke-carousel-images.s3.us-west-1.amazonaws.com/img35.jpg}"
41,"{https://hrr47-sdc-burke-carousel-images.s3.us-west-1.amazonaws.com/img265.jpg, https://hrr47-sdc-burke-carousel-images.s3.us-west-1.amazonaws.com/img107.jpg, https://hrr47-sdc-burke-carousel-images.s3.us-west-1.amazonaws.com/img279.jpg, https://hrr47-sdc-burke-carousel-images.s3.us-west-1.amazonaws.com/img277.jpg, https://hrr47-sdc-burke-carousel-images.s3.us-west-1.amazonaws.com/img89.jpg, https://hrr47-sdc-burke-carousel-images.s3.us-west-1.amazonaws.com/img167.jpg, https://hrr47-sdc-burke-carousel-images.s3.us-west-1.amazonaws.com/img298.jpg, https://hrr47-sdc-burke-carousel-images.s3.us-west-1.amazonaws.com/img101.jpg, https://hrr47-sdc-burke-carousel-images.s3.us-west-1.amazonaws.com/img108.jpg, https://hrr47-sdc-burke-carousel-images.s3.us-west-1.amazonaws.com/img185.jpg, https://hrr47-sdc-burke-carousel-images.s3.us-west-1.amazonaws.com/img170.jpg, https://hrr47-sdc-burke-carousel-images.s3.us-west-1.amazonaws.com/img318.jpg, https://hrr47-sdc-burke-carousel-images.s3.us-west-1.amazonaws.com/img329.jpg, https://hrr47-sdc-burke-carousel-images.s3.us-west-1.amazonaws.com/img216.jpg, https://hrr47-sdc-burke-carousel-images.s3.us-west-1.amazonaws.com/img35.jpg, https://hrr47-sdc-burke-carousel-images.s3.us-west-1.amazonaws.com/img106.jpg}"
42,"{https://hrr47-sdc-burke-carousel-images.s3.us-west-1.amazonaws.com/img96.jpg, https://hrr47-sdc-burke-carousel-images.s3.us-west-1.amazonaws.com/img369.jpg, https://hrr47-sdc-burke-carousel-images.s3.us-west-1.amazonaws.com/img327.jpg, https://hrr47-sdc-burke-carousel-images.s3.us-west-1.amazonaws.com/img244.jpg, https://hrr47-sdc-burke-carousel-images.s3.us-west-1.amazonaws.com/img279.jpg, https://hrr47-sdc-burke-carousel-images.s3.us-west-1.amazonaws.com/img70.jpg, https://hrr47-sdc-burke-carousel-images.s3.us-west-1.amazonaws.com/img8.jpg, https://hrr47-sdc-burke-carousel-images.s3.us-west-1.amazonaws.com/img84.jpg, https://hrr47-sdc-burke-carousel-images.s3.us-west-1.amazonaws.com/img304.jpg, https://hrr47-sdc-burke-carousel-images.s3.us-west-1.amazonaws.com/img143.jpg}"
43,"{https://hrr47-sdc-burke-carousel-images.s3.us-west-1.amazonaws.com/img264.jpg, https://hrr47-sdc-burke-carousel-images.s3.us-west-1.amazonaws.com/img354.jpg, https://hrr47-sdc-burke-carousel-images.s3.us-west-1.amazonaws.com/img233.jpg, https://hrr47-sdc-burke-carousel-images.s3.us-west-1.amazonaws.com/img329.jpg, https://hrr47-sdc-burke-carousel-images.s3.us-west-1.amazonaws.com/img354.jpg, https://hrr47-sdc-burke-carousel-images.s3.us-west-1.amazonaws.com/img318.jpg, https://hrr47-sdc-burke-carousel-images.s3.us-west-1.amazonaws.com/img344.jpg}"
44,"{https://hrr47-sdc-burke-carousel-images.s3.us-west-1.amazonaws.com/img367.jpg, https://hrr47-sdc-burke-carousel-images.s3.us-west-1.amazonaws.com/img185.jpg, https://hrr47-sdc-burke-carousel-images.s3.us-west-1.amazonaws.com/img67.jpg, https://hrr47-sdc-burke-carousel-images.s3.us-west-1.amazonaws.com/img207.jpg, https://hrr47-sdc-burke-carousel-images.s3.us-west-1.amazonaws.com/img137.jpg, https://hrr47-sdc-burke-carousel-images.s3.us-west-1.amazonaws.com/img251.jpg, https://hrr47-sdc-burke-carousel-images.s3.us-west-1.amazonaws.com/img274.jpg, https://hrr47-sdc-burke-carousel-images.s3.us-west-1.amazonaws.com/img151.jpg, https://hrr47-sdc-burke-carousel-images.s3.us-west-1.amazonaws.com/img332.jpg, https://hrr47-sdc-burke-carousel-images.s3.us-west-1.amazonaws.com/img56.jpg, https://hrr47-sdc-burke-carousel-images.s3.us-west-1.amazonaws.com/img49.jpg, https://hrr47-sdc-burke-carousel-images.s3.us-west-1.amazonaws.com/img193.jpg, https://hrr47-sdc-burke-carousel-images.s3.us-west-1.amazonaws.com/img127.jpg, https://hrr47-sdc-burke-carousel-images.s3.us-west-1.amazonaws.com/img146.jpg, https://hrr47-sdc-burke-carousel-images.s3.us-west-1.amazonaws.com/img127.jpg, https://hrr47-sdc-burke-carousel-images.s3.us-west-1.amazonaws.com/img65.jpg, https://hrr47-sdc-burke-carousel-images.s3.us-west-1.amazonaws.com/img24.jpg, https://hrr47-sdc-burke-carousel-images.s3.us-west-1.amazonaws.com/img24.jpg, https://hrr47-sdc-burke-carousel-images.s3.us-west-1.amazonaws.com/img72.jpg, https://hrr47-sdc-burke-carousel-images.s3.us-west-1.amazonaws.com/img80.jpg, https://hrr47-sdc-burke-carousel-images.s3.us-west-1.amazonaws.com/img319.jpg, https://hrr47-sdc-burke-carousel-images.s3.us-west-1.amazonaws.com/img101.jpg, https://hrr47-sdc-burke-carousel-images.s3.us-west-1.amazonaws.com/img260.jpg, https://hrr47-sdc-burke-carousel-images.s3.us-west-1.amazonaws.com/img301.jpg, https://hrr47-sdc-burke-carousel-images.s3.us-west-1.amazonaws.com/img33.jpg}"
46,"{https://hrr47-sdc-burke-carousel-images.s3.us-west-1.amazonaws.com/img80.jpg, https://hrr47-sdc-burke-carousel-images.s3.us-west-1.amazonaws.com/img351.jpg, https://hrr47-sdc-burke-carousel-images.s3.us-west-1.amazonaws.com/img293.jpg, https://hrr47-sdc-burke-carousel-images.s3.us-west-1.amazonaws.com/img46.jpg, https://hrr47-sdc-burke-carousel-images.s3.us-west-1.amazonaws.com/img46.jpg}"
45,"{https://hrr47-sdc-burke-carousel-images.s3.us-west-1.amazonaws.com/img49.jpg, https://hrr47-sdc-burke-carousel-images.s3.us-west-1.amazonaws.com/img179.jpg, https://hrr47-sdc-burke-carousel-images.s3.us-west-1.amazonaws.com/img315.jpg, https://hrr47-sdc-burke-carousel-images.s3.us-west-1.amazonaws.com/img3.jpg, https://hrr47-sdc-burke-carousel-images.s3.us-west-1.amazonaws.com/img42.jpg, https://hrr47-sdc-burke-carousel-images.s3.us-west-1.amazonaws.com/img164.jpg, https://hrr47-sdc-burke-carousel-images.s3.us-west-1.amazonaws.com/img301.jpg, https://hrr47-sdc-burke-carousel-images.s3.us-west-1.amazonaws.com/img52.jpg, https://hrr47-sdc-burke-carousel-images.s3.us-west-1.amazonaws.com/img318.jpg, https://hrr47-sdc-burke-carousel-images.s3.us-west-1.amazonaws.com/img264.jpg, https://hrr47-sdc-burke-carousel-images.s3.us-west-1.amazonaws.com/img261.jpg, https://hrr47-sdc-burke-carousel-images.s3.us-west-1.amazonaws.com/img2.jpg, https://hrr47-sdc-burke-carousel-images.s3.us-west-1.amazonaws.com/img277.jpg, https://hrr47-sdc-burke-carousel-images.s3.us-west-1.amazonaws.com/img261.jpg, https://hrr47-sdc-burke-carousel-images.s3.us-west-1.amazonaws.com/img158.jpg, https://hrr47-sdc-burke-carousel-images.s3.us-west-1.amazonaws.com/img347.jpg, https://hrr47-sdc-burke-carousel-images.s3.us-west-1.amazonaws.com/img332.jpg, https://hrr47-sdc-burke-carousel-images.s3.us-west-1.amazonaws.com/img42.jpg}"
48,"{https://hrr47-sdc-burke-carousel-images.s3.us-west-1.amazonaws.com/img262.jpg, https://hrr47-sdc-burke-carousel-images.s3.us-west-1.amazonaws.com/img79.jpg, https://hrr47-sdc-burke-carousel-images.s3.us-west-1.amazonaws.com/img305.jpg, https://hrr47-sdc-burke-carousel-images.s3.us-west-1.amazonaws.com/img299.jpg, https://hrr47-sdc-burke-carousel-images.s3.us-west-1.amazonaws.com/img96.jpg, https://hrr47-sdc-burke-carousel-images.s3.us-west-1.amazonaws.com/img366.jpg, https://hrr47-sdc-burke-carousel-images.s3.us-west-1.amazonaws.com/img101.jpg, https://hrr47-sdc-burke-carousel-images.s3.us-west-1.amazonaws.com/img213.jpg, https://hrr47-sdc-burke-carousel-images.s3.us-west-1.amazonaws.com/img172.jpg, https://hrr47-sdc-burke-carousel-images.s3.us-west-1.amazonaws.com/img302.jpg}"
47,"{https://hrr47-sdc-burke-carousel-images.s3.us-west-1.amazonaws.com/img123.jpg, https://hrr47-sdc-burke-carousel-images.s3.us-west-1.amazonaws.com/img21.jpg, https://hrr47-sdc-burke-carousel-images.s3.us-west-1.amazonaws.com/img180.jpg, https://hrr47-sdc-burke-carousel-images.s3.us-west-1.amazonaws.com/img305.jpg, https://hrr47-sdc-burke-carousel-images.s3.us-west-1.amazonaws.com/img321.jpg, https://hrr47-sdc-burke-carousel-images.s3.us-west-1.amazonaws.com/img70.jpg, https://hrr47-sdc-burke-carousel-images.s3.us-west-1.amazonaws.com/img136.jpg, https://hrr47-sdc-burke-carousel-images.s3.us-west-1.amazonaws.com/img20.jpg, https://hrr47-sdc-burke-carousel-images.s3.us-west-1.amazonaws.com/img24.jpg, https://hrr47-sdc-burke-carousel-images.s3.us-west-1.amazonaws.com/img93.jpg, https://hrr47-sdc-burke-carousel-images.s3.us-west-1.amazonaws.com/img243.jpg, https://hrr47-sdc-burke-carousel-images.s3.us-west-1.amazonaws.com/img226.jpg, https://hrr47-sdc-burke-carousel-images.s3.us-west-1.amazonaws.com/img283.jpg, https://hrr47-sdc-burke-carousel-images.s3.us-west-1.amazonaws.com/img42.jpg}"
49,"{https://hrr47-sdc-burke-carousel-images.s3.us-west-1.amazonaws.com/img130.jpg, https://hrr47-sdc-burke-carousel-images.s3.us-west-1.amazonaws.com/img275.jpg, https://hrr47-sdc-burke-carousel-images.s3.us-west-1.amazonaws.com/img278.jpg, https://hrr47-sdc-burke-carousel-images.s3.us-west-1.amazonaws.com/img267.jpg, https://hrr47-sdc-burke-carousel-images.s3.us-west-1.amazonaws.com/img209.jpg, https://hrr47-sdc-burke-carousel-images.s3.us-west-1.amazonaws.com/img10.jpg, https://hrr47-sdc-burke-carousel-images.s3.us-west-1.amazonaws.com/img205.jpg, https://hrr47-sdc-burke-carousel-images.s3.us-west-1.amazonaws.com/img94.jpg, https://hrr47-sdc-burke-carousel-images.s3.us-west-1.amazonaws.com/img56.jpg, https://hrr47-sdc-burke-carousel-images.s3.us-west-1.amazonaws.com/img317.jpg, https://hrr47-sdc-burke-carousel-images.s3.us-west-1.amazonaws.com/img110.jpg, https://hrr47-sdc-burke-carousel-images.s3.us-west-1.amazonaws.com/img115.jpg, https://hrr47-sdc-burke-carousel-images.s3.us-west-1.amazonaws.com/img246.jpg}"
50,"{https://hrr47-sdc-burke-carousel-images.s3.us-west-1.amazonaws.com/img76.jpg, https://hrr47-sdc-burke-carousel-images.s3.us-west-1.amazonaws.com/img131.jpg, https://hrr47-sdc-burke-carousel-images.s3.us-west-1.amazonaws.com/img308.jpg, https://hrr47-sdc-burke-carousel-images.s3.us-west-1.amazonaws.com/img268.jpg, https://hrr47-sdc-burke-carousel-images.s3.us-west-1.amazonaws.com/img77.jpg, https://hrr47-sdc-burke-carousel-images.s3.us-west-1.amazonaws.com/img149.jpg, https://hrr47-sdc-burke-carousel-images.s3.us-west-1.amazonaws.com/img140.jpg, https://hrr47-sdc-burke-carousel-images.s3.us-west-1.amazonaws.com/img190.jpg, https://hrr47-sdc-burke-carousel-images.s3.us-west-1.amazonaws.com/img317.jpg, https://hrr47-sdc-burke-carousel-images.s3.us-west-1.amazonaws.com/img210.jpg, https://hrr47-sdc-burke-carousel-images.s3.us-west-1.amazonaws.com/img190.jpg, https://hrr47-sdc-burke-carousel-images.s3.us-west-1.amazonaws.com/img8.jpg, https://hrr47-sdc-burke-carousel-images.s3.us-west-1.amazonaws.com/img67.jpg, https://hrr47-sdc-burke-carousel-images.s3.us-west-1.amazonaws.com/img291.jpg, https://hrr47-sdc-burke-carousel-images.s3.us-west-1.amazonaws.com/img87.jpg, https://hrr47-sdc-burke-carousel-images.s3.us-west-1.amazonaws.com/img107.jpg, https://hrr47-sdc-burke-carousel-images.s3.us-west-1.amazonaws.com/img138.jpg, https://hrr47-sdc-burke-carousel-images.s3.us-west-1.amazonaws.com/img29.jpg, https://hrr47-sdc-burke-carousel-images.s3.us-west-1.amazonaws.com/img346.jpg, https://hrr47-sdc-burke-carousel-images.s3.us-west-1.amazonaws.com/img364.jpg, https://hrr47-sdc-burke-carousel-images.s3.us-west-1.amazonaws.com/img363.jpg, https://hrr47-sdc-burke-carousel-images.s3.us-west-1.amazonaws.com/img59.jpg, https://hrr47-sdc-burke-carousel-images.s3.us-west-1.amazonaws.com/img257.jpg, https://hrr47-sdc-burke-carousel-images.s3.us-west-1.amazonaws.com/img317.jpg, https://hrr47-sdc-burke-carousel-images.s3.us-west-1.amazonaws.com/img316.jpg, https://hrr47-sdc-burke-carousel-images.s3.us-west-1.amazonaws.com/img84.jpg, https://hrr47-sdc-burke-carousel-images.s3.us-west-1.amazonaws.com/img11.jpg}"
